{
  "properties": {
    "connectionReferences": {
      "shared_commondataserviceforapps": {
        "runtimeSource": "embedded",
        "connection": {
          "connectionReferenceLogicalName": "new_sharedcommondataserviceforapps_d04e4"
        },
        "api": {
          "name": "shared_commondataserviceforapps"
        }
      },
      "shared_teams": {
        "runtimeSource": "invoker",
        "connection": {
          "connectionReferenceLogicalName": "ya_sharedteams_279c7"
        },
        "api": {
          "name": "shared_teams"
        }
      }
    },
    "definition": {
      "$schema": "https://schema.management.azure.com/providers/Microsoft.Logic/schemas/2016-06-01/workflowdefinition.json#",
      "contentVersion": "1.0.0.0",
      "parameters": {
        "$connections": {
          "defaultValue": {},
          "type": "Object"
        },
        "$authentication": {
          "defaultValue": {},
          "type": "SecureObject"
        }
      },
      "triggers": {
        "manual": {
          "metadata": {
            "operationMetadataId": "0997a4d0-d2c0-417d-be85-6d7ffee54dfa"
          },
          "type": "Request",
          "kind": "PowerAppV2",
          "inputs": {
            "schema": {
              "type": "object",
              "properties": {
                "text": {
                  "title": "ID",
                  "type": "string",
                  "x-ms-dynamically-added": true,
                  "description": "IDを指定してください",
                  "x-ms-content-hint": "TEXT"
                },
                "email": {
                  "title": "PIC",
                  "type": "string",
                  "format": "email",
                  "x-ms-dynamically-added": true,
                  "description": "UPNを入力してください",
                  "x-ms-content-hint": "EMAIL"
                }
              },
              "required": [
                "text",
                "email"
              ]
            }
          }
        }
      },
      "actions": {
        "行を一覧にする": {
          "runAfter": {},
          "metadata": {
            "operationMetadataId": "b65ac326-d82c-4170-9c64-f36d74017ee9"
          },
          "type": "OpenApiConnection",
          "inputs": {
            "host": {
              "connectionName": "shared_commondataserviceforapps",
              "operationId": "ListRecords",
              "apiId": "/providers/Microsoft.PowerApps/apis/shared_commondataserviceforapps"
            },
            "parameters": {
              "entityName": "ya_visits",
              "$filter": "ya_id eq '@{triggerBody()['text']}'",
              "$top": 1
            },
            "authentication": "@parameters('$authentication')"
          }
        },
        "Apply_to_each": {
          "foreach": "@outputs('行を一覧にする')?['body/value']",
          "actions": {
            "チャットまたはチャネルでメッセージを投稿する": {
              "runAfter": {},
              "metadata": {
                "operationMetadataId": "f615f9f5-4201-41a2-a7fd-b0898ffb323b"
              },
              "type": "OpenApiConnection",
              "inputs": {
                "host": {
                  "connectionName": "shared_teams",
                  "operationId": "PostMessageToConversation",
                  "apiId": "/providers/Microsoft.PowerApps/apis/shared_teams"
                },
                "parameters": {
                  "poster": "Flow bot",
                  "location": "Chat with Flow bot",
                  "body/recipient": "@{triggerBody()['email']};",
                  "body/messageBody": "<p>お客様が来社されました。<br>\n@{items('Apply_to_each')?['ya_visitorscompany']}<br>\n@{items('Apply_to_each')?['ya_visitorsdepartment']}<br>\n@{items('Apply_to_each')?['ya_visitorsname']}</p>"
                },
                "authentication": "@parameters('$authentication')"
              }
            }
          },
          "runAfter": {
            "行を一覧にする": [
              "Succeeded"
            ]
          },
          "metadata": {
            "operationMetadataId": "12a156e8-3623-43de-a248-50e8d979e55d"
          },
          "type": "Foreach"
        }
      }
    }
  },
  "schemaVersion": "1.0.0.0"
}